{
    "$schema": "https://schema.management.azure.com/schemas/2015-01-01/deploymentParameters.json#",
    "contentVersion": "1.0.0.0",
    "parameters": {
        "location": {
            "value": "westeurope"
        },
        "networkInterfaceName": {
            "value": "dev-azure-vm96"
        },
        "networkSecurityGroupName": {
            "value": "dev-azure-vm-nsg"
        },
        "networkSecurityGroupRules": {
            "value": [
                {
                    "name": "RDP",
                    "properties": {
                        "priority": 300,
                        "protocol": "TCP",
                        "access": "Allow",
                        "direction": "Inbound",
                        "sourceAddressPrefix": "*",
                        "sourcePortRange": "*",
                        "destinationAddressPrefix": "*",
                        "destinationPortRange": "3389"
                    }
                }
            ]
        },
        "subnetName": {
            "value": "default"
        },
        "virtualNetworkName": {
            "value": "rg-group-dev-vnet"
        },
        "addressPrefixes": {
            "value": [
                "172.16.0.0/24"
            ]
        },
        "subnets": {
            "value": [
                {
                    "name": "default",
                    "properties": {
                        "addressPrefix": "172.16.0.0/24"
                    }
                }
            ]
        },
        "publicIpAddressName": {
            "value": "dev-azure-vm-ip"
        },
        "publicIpAddressType": {
            "value": "Dynamic"
        },
        "publicIpAddressSku": {
            "value": "Basic"
        },
        "virtualMachineName": {
            "value": "dev-azure-vm"
        },
        "virtualMachineRG": {
            "value": "rg-group-dev"
        },
        "osDiskType": {
            "value": "Standard_LRS"
        },
        "virtualMachineSize": {
            "value": "Standard_D2_v3"
        },
        "adminUsername": {
            "value": "azureadmin"
        },
        "adminPassword": {
            "value": null
        }
    }
}